{
  "model": "Alibaba-NLP/gte-base-en-v1.5",
  "embedding_dim": 768,
  "avg_mrr": 0.5675925925925925,
  "avg_ndcg": 0.7660994312960424,
  "avg_time_per_abstract_seconds": 0.16357683172465035,
  "avg_time_per_abstract_ms": 163.57683172465033,
  "total_abstracts_encoded": 718,
  "total_encoding_time_seconds": 117.44816517829895,
  "category_metrics": {
    "AI": {
      "avg_mrr": 0.27037037037037037,
      "avg_ndcg": 0.6671213542805533,
      "queries_evaluated": 3
    },
    "MilDec": {
      "avg_mrr": 1.0,
      "avg_ndcg": 0.8534757787983914,
      "queries_evaluated": 3
    },
    "MilDec & AI": {
      "avg_mrr": 1.0,
      "avg_ndcg": 0.7984692675020533,
      "queries_evaluated": 3
    },
    "Unrelated": {
      "avg_mrr": 0.0,
      "avg_ndcg": 0.7453313246031718,
      "queries_evaluated": 3
    }
  },
  "queries": [
    {
      "query": "Multimodal latent perceptual loss for high-resolution image synthesis",
      "mrr": 0.2,
      "ndcg": 0.5948426544213921,
      "relevant_authors": 5,
      "total_authors": 32,
      "category": "AI",
      "top_results": [
        [
          "author_a4724fa3-5050-5794-b24b-e053daf2111e",
          207.08331298828125
        ],
        [
          "author_05d4b046-8319-56cd-a216-425dff836a4f",
          224.97830200195312
        ],
        [
          "author_a8611ce6-ce79-509d-835f-e334689408f7",
          243.11489868164062
        ],
        [
          "author_b09fadee-2a62-529f-9093-6f677f53d113",
          252.45553588867188
        ],
        [
          "author_2774b6a5-1cd5-5c35-ba7b-d0f11d50f5ca",
          257.5316162109375
        ],
        [
          "author_a1917e79-7a66-5430-ab14-9f0c54c4794d",
          261.8162841796875
        ],
        [
          "author_d2b7e0d3-e1ac-5980-9c91-c52acad8736e",
          263.204833984375
        ],
        [
          "author_e2a75112-963b-5cc4-8df1-e9e2e5ec42b0",
          264.249267578125
        ],
        [
          "author_a44bce31-6f08-5458-834b-91a40ac7bec4",
          264.41070556640625
        ],
        [
          "author_6d18cf33-f99e-5435-82e4-684923ba8807",
          264.5480041503906
        ]
      ]
    },
    {
      "query": "Trade-off between representation diversity and realism in generative models",
      "mrr": 0.1111111111111111,
      "ndcg": 0.6477526941024071,
      "relevant_authors": 2,
      "total_authors": 32,
      "category": "AI",
      "top_results": [
        [
          "author_a4724fa3-5050-5794-b24b-e053daf2111e",
          444.901611328125
        ],
        [
          "author_00e4d0ff-ff9a-519c-88a9-2d307597e287",
          465.4747619628906
        ],
        [
          "author_a44bce31-6f08-5458-834b-91a40ac7bec4",
          492.60723876953125
        ],
        [
          "author_05d4b046-8319-56cd-a216-425dff836a4f",
          493.7705078125
        ],
        [
          "author_e2a75112-963b-5cc4-8df1-e9e2e5ec42b0",
          500.2540588378906
        ],
        [
          "author_52fc7e2f-22ef-52a8-8a0d-5937ab6a7edb",
          505.7342224121094
        ],
        [
          "author_a5285d4e-1482-508a-ad26-b3c72267b7ab",
          507.21795654296875
        ],
        [
          "author_f7b5127a-150d-5469-a028-a46bafcdba7a",
          508.60540771484375
        ],
        [
          "author_2774b6a5-1cd5-5c35-ba7b-d0f11d50f5ca",
          514.59765625
        ],
        [
          "author_77576e7e-bc43-59fa-9a08-8901bcf55992",
          527.0046997070312
        ]
      ]
    },
    {
      "query": "How artificial intelligence creates original images from text descriptions",
      "mrr": 0.5,
      "ndcg": 0.7587687143178607,
      "relevant_authors": 2,
      "total_authors": 32,
      "category": "AI",
      "top_results": [
        [
          "author_00e4d0ff-ff9a-519c-88a9-2d307597e287",
          507.99932861328125
        ],
        [
          "author_a44bce31-6f08-5458-834b-91a40ac7bec4",
          525.98876953125
        ],
        [
          "author_a5285d4e-1482-508a-ad26-b3c72267b7ab",
          531.1807861328125
        ],
        [
          "author_f7b5127a-150d-5469-a028-a46bafcdba7a",
          537.6357421875
        ],
        [
          "author_e2a75112-963b-5cc4-8df1-e9e2e5ec42b0",
          544.0694580078125
        ],
        [
          "author_2774b6a5-1cd5-5c35-ba7b-d0f11d50f5ca",
          544.1295166015625
        ],
        [
          "author_a4724fa3-5050-5794-b24b-e053daf2111e",
          555.3405151367188
        ],
        [
          "author_6039c433-2555-57cd-90c3-e6530a13265f",
          556.400634765625
        ],
        [
          "author_d338b836-41a0-54a4-a675-a5565f143403",
          557.394775390625
        ],
        [
          "author_ceb13e8b-a851-5a29-9a76-b484a6b6b5c8",
          559.0916748046875
        ]
      ]
    },
    {
      "query": "Military deception strategy",
      "mrr": 1.0,
      "ndcg": 0.8104647242793868,
      "relevant_authors": 2,
      "total_authors": 32,
      "category": "MilDec",
      "top_results": [
        [
          "author_00e4d0ff-ff9a-519c-88a9-2d307597e287",
          618.1676025390625
        ],
        [
          "author_f7b5127a-150d-5469-a028-a46bafcdba7a",
          635.4277954101562
        ],
        [
          "author_a44bce31-6f08-5458-834b-91a40ac7bec4",
          640.02099609375
        ],
        [
          "author_a5285d4e-1482-508a-ad26-b3c72267b7ab",
          644.5599365234375
        ],
        [
          "author_2774b6a5-1cd5-5c35-ba7b-d0f11d50f5ca",
          650.5374145507812
        ],
        [
          "author_6039c433-2555-57cd-90c3-e6530a13265f",
          664.2176513671875
        ],
        [
          "author_d338b836-41a0-54a4-a675-a5565f143403",
          664.591552734375
        ],
        [
          "author_e2a75112-963b-5cc4-8df1-e9e2e5ec42b0",
          667.369873046875
        ],
        [
          "author_ceb13e8b-a851-5a29-9a76-b484a6b6b5c8",
          669.6531982421875
        ],
        [
          "author_8e004942-6f0d-5387-a764-97a0a7144af0",
          670.186279296875
        ]
      ]
    },
    {
      "query": "Military deception principles",
      "mrr": 1.0,
      "ndcg": 0.859909089123822,
      "relevant_authors": 2,
      "total_authors": 32,
      "category": "MilDec",
      "top_results": [
        [
          "author_00e4d0ff-ff9a-519c-88a9-2d307597e287",
          547.4988403320312
        ],
        [
          "author_f7b5127a-150d-5469-a028-a46bafcdba7a",
          578.307861328125
        ],
        [
          "author_a44bce31-6f08-5458-834b-91a40ac7bec4",
          582.4803466796875
        ],
        [
          "author_2774b6a5-1cd5-5c35-ba7b-d0f11d50f5ca",
          586.0203857421875
        ],
        [
          "author_a5285d4e-1482-508a-ad26-b3c72267b7ab",
          590.187744140625
        ],
        [
          "author_d338b836-41a0-54a4-a675-a5565f143403",
          604.7672729492188
        ],
        [
          "author_ceb13e8b-a851-5a29-9a76-b484a6b6b5c8",
          606.857421875
        ],
        [
          "author_6039c433-2555-57cd-90c3-e6530a13265f",
          611.1226806640625
        ],
        [
          "author_a4724fa3-5050-5794-b24b-e053daf2111e",
          612.654541015625
        ],
        [
          "author_05d4b046-8319-56cd-a216-425dff836a4f",
          613.43408203125
        ]
      ]
    },
    {
      "query": "Military deception techniques",
      "mrr": 1.0,
      "ndcg": 0.8900535229919653,
      "relevant_authors": 2,
      "total_authors": 32,
      "category": "MilDec",