{
  "model": "deepvk/USER-bge-m3",
  "embedding_dim": 1024,
  "avg_mrr": 0.6666666666666666,
  "avg_ndcg": 0.9001333882312627,
  "avg_time_per_abstract_seconds": 0.09322609476392316,
  "avg_time_per_abstract_ms": 93.22609476392316,
  "total_abstracts_encoded": 718,
  "total_encoding_time_seconds": 66.93633604049683,
  "category_metrics": {
    "AI": {
      "avg_mrr": 1.0,
      "avg_ndcg": 0.8685729669673697,
      "queries_evaluated": 3
    },
    "MilDec": {
      "avg_mrr": 0.6666666666666666,
      "avg_ndcg": 0.9415935447297427,
      "queries_evaluated": 3
    },
    "MilDec & AI": {
      "avg_mrr": 1.0,
      "avg_ndcg": 0.9562148070136433,
      "queries_evaluated": 3
    },
    "Unrelated": {
      "avg_mrr": 0.0,
      "avg_ndcg": 0.834152234214295,
      "queries_evaluated": 3
    }
  },
  "queries": [
    {
      "query": "Multimodal latent perceptual loss for high-resolution image synthesis",
      "mrr": 1.0,
      "ndcg": 0.8565599960115793,
      "relevant_authors": 5,
      "total_authors": 32,
      "category": "AI",
      "top_results": [
        [
          "author_d2b7e0d3-e1ac-5980-9c91-c52acad8736e",
          0.6941623091697693
        ],
        [
          "author_a44bce31-6f08-5458-834b-91a40ac7bec4",
          0.7046505212783813
        ],
        [
          "author_6d18cf33-f99e-5435-82e4-684923ba8807",
          0.7276089191436768
        ],
        [
          "author_a5db27b5-1f1e-5378-90d1-a3af003ebbe0",
          0.7353864908218384
        ],
        [
          "author_05d4b046-8319-56cd-a216-425dff836a4f",
          0.7383317351341248
        ],
        [
          "author_a8611ce6-ce79-509d-835f-e334689408f7",
          0.7418878078460693
        ],
        [
          "author_5c0ce0e8-dd3d-54e0-98c7-aab985f0ba84",
          0.743466854095459
        ],
        [
          "author_068aadca-e864-5b99-bff5-029b99add255",
          0.743855357170105
        ],
        [
          "author_6039c433-2555-57cd-90c3-e6530a13265f",
          0.7465208768844604
        ],
        [
          "author_c5869a2c-b8e4-5e86-8a82-2185a2a22039",
          0.7565078735351562
        ]
      ]
    },
    {
      "query": "Trade-off between representation diversity and realism in generative models",
      "mrr": 1.0,
      "ndcg": 0.8837422667087019,
      "relevant_authors": 2,
      "total_authors": 32,
      "category": "AI",
      "top_results": [
        [
          "author_2774b6a5-1cd5-5c35-ba7b-d0f11d50f5ca",
          0.6915394067764282
        ],
        [
          "author_5c0ce0e8-dd3d-54e0-98c7-aab985f0ba84",
          0.7045627236366272
        ],
        [
          "author_6039c433-2555-57cd-90c3-e6530a13265f",
          0.7095262408256531
        ],
        [
          "author_d338b836-41a0-54a4-a675-a5565f143403",
          0.7391611337661743
        ],
        [
          "author_f7b5127a-150d-5469-a028-a46bafcdba7a",
          0.7446244359016418
        ],
        [
          "author_068aadca-e864-5b99-bff5-029b99add255",
          0.7488096952438354
        ],
        [
          "author_85b96028-3031-5fe6-80e4-8a0542fa1709",
          0.7496041059494019
        ],
        [
          "author_a8611ce6-ce79-509d-835f-e334689408f7",
          0.7905610203742981
        ],
        [
          "author_77576e7e-bc43-59fa-9a08-8901bcf55992",
          0.7971810102462769
        ],
        [
          "author_b69b75ea-077f-52ad-a080-16c019d5c267",
          0.7986345291137695
        ]
      ]
    },
    {
      "query": "How artificial intelligence creates original images from text descriptions",
      "mrr": 1.0,
      "ndcg": 0.8654166381818279,
      "relevant_authors": 2,
      "total_authors": 32,
      "category": "AI",
      "top_results": [
        [
          "author_a44bce31-6f08-5458-834b-91a40ac7bec4",
          0.7068023681640625
        ],
        [
          "author_6039c433-2555-57cd-90c3-e6530a13265f",
          0.7543519735336304
        ],
        [
          "author_5c0ce0e8-dd3d-54e0-98c7-aab985f0ba84",
          0.7749288082122803
        ],
        [
          "author_d2b7e0d3-e1ac-5980-9c91-c52acad8736e",
          0.7794430255889893
        ],
        [
          "author_f7b5127a-150d-5469-a028-a46bafcdba7a",
          0.8039836287498474
        ],
        [
          "author_2774b6a5-1cd5-5c35-ba7b-d0f11d50f5ca",
          0.8131240606307983
        ],
        [
          "author_a5db27b5-1f1e-5378-90d1-a3af003ebbe0",
          0.8295623064041138
        ],
        [
          "author_ceb13e8b-a851-5a29-9a76-b484a6b6b5c8",
          0.8589966297149658
        ],
        [
          "author_d338b836-41a0-54a4-a675-a5565f143403",
          0.8617762327194214
        ],
        [
          "author_f71632e9-6bd8-5792-90b0-6d41a4961279",
          0.8798366785049438
        ]
      ]
    },
    {
      "query": "Military deception strategy",
      "mrr": 1.0,
      "ndcg": 0.9598297826947986,
      "relevant_authors": 2,
      "total_authors": 32,
      "category": "MilDec",
      "top_results": [
        [
          "author_a5285d4e-1482-508a-ad26-b3c72267b7ab",
          0.733182966709137
        ],
        [
          "author_d338b836-41a0-54a4-a675-a5565f143403",
          0.7497536540031433
        ],
        [
          "author_b69b75ea-077f-52ad-a080-16c019d5c267",
          0.768966794013977
        ],
        [
          "author_00e4d0ff-ff9a-519c-88a9-2d307597e287",
          0.7826763391494751
        ],
        [
          "author_f7b5127a-150d-5469-a028-a46bafcdba7a",
          0.8328322768211365
        ],
        [
          "author_5c0ce0e8-dd3d-54e0-98c7-aab985f0ba84",
          0.8858139514923096
        ],
        [
          "author_2774b6a5-1cd5-5c35-ba7b-d0f11d50f5ca",
          0.8940024971961975
        ],
        [
          "author_6039c433-2555-57cd-90c3-e6530a13265f",
          0.8999563455581665
        ],
        [
          "author_85b96028-3031-5fe6-80e4-8a0542fa1709",
          0.93923020362854
        ],
        [
          "author_a8611ce6-ce79-509d-835f-e334689408f7",
          0.9660996198654175
        ]
      ]
    },
    {
      "query": "Military deception principles",
      "mrr": 0.5,
      "ndcg": 0.9157542355837918,
      "relevant_authors": 2,
      "total_authors": 32,
      "category": "MilDec",
      "top_results": [
        [
          "author_d338b836-41a0-54a4-a675-a5565f143403",
          0.7515338659286499
        ],
        [
          "author_a5285d4e-1482-508a-ad26-b3c72267b7ab",
          0.7647063732147217
        ],
        [
          "author_00e4d0ff-ff9a-519c-88a9-2d307597e287",
          0.7670814394950867
        ],
        [
          "author_b69b75ea-077f-52ad-a080-16c019d5c267",
          0.7680944800376892
        ],
        [
          "author_f7b5127a-150d-5469-a028-a46bafcdba7a",
          0.8325676918029785
        ],
        [
          "author_5c0ce0e8-dd3d-54e0-98c7-aab985f0ba84",
          0.8791219592094421
        ],
        [
          "author_6039c433-2555-57cd-90c3-e6530a13265f",
          0.9080759286880493
        ],
        [
          "author_2774b6a5-1cd5-5c35-ba7b-d0f11d50f5ca",
          0.9093078374862671
        ],
        [
          "author_85b96028-3031-5fe6-80e4-8a0542fa1709",
          0.9281448125839233
        ],
        [
          "author_a8611ce6-ce79-509d-835f-e334689408f7",
          0.952581524848938
        ]
      ]
    },
    {
      "query": "Military deception techniques",
      "mrr": 0.5,
      "ndcg": 0.9491966159106376,
      "relevant_authors": 2,
      "total_authors": 32,
      "category": "MilDec",