{
  "model": "jinaai/jina-code-embeddings-1.5b",
  "embedding_dim": 1536,
  "avg_mrr": 0.6527777777777778,
  "avg_ndcg": 0.9128708692237898,
  "avg_time_per_abstract_seconds": 0.47602893847941025,
  "avg_time_per_abstract_ms": 476.0289384794103,
  "total_abstracts_encoded": 718,
  "total_encoding_time_seconds": 341.78877782821655,
  "category_metrics": {
    "AI": {
      "avg_mrr": 0.8333333333333334,
      "avg_ndcg": 0.9017099682709006,
      "queries_evaluated": 3
    },
    "MilDec": {
      "avg_mrr": 0.7777777777777778,
      "avg_ndcg": 0.927062998412662,
      "queries_evaluated": 3
    },
    "MilDec & AI": {
      "avg_mrr": 1.0,
      "avg_ndcg": 0.9565243919794565,
      "queries_evaluated": 3
    },
    "Unrelated": {
      "avg_mrr": 0.0,
      "avg_ndcg": 0.8661861182321401,
      "queries_evaluated": 3
    }
  },
  "queries": [
    {
      "query": "Multimodal latent perceptual loss for high-resolution image synthesis",
      "mrr": 1.0,
      "ndcg": 0.8966682628999302,
      "relevant_authors": 5,
      "total_authors": 32,
      "category": "AI",
      "top_results": [
        [
          "author_2774b6a5-1cd5-5c35-ba7b-d0f11d50f5ca",
          0.8931187391281128
        ],
        [
          "author_c5869a2c-b8e4-5e86-8a82-2185a2a22039",
          0.9018255472183228
        ],
        [
          "author_a44bce31-6f08-5458-834b-91a40ac7bec4",
          0.9358938932418823
        ],
        [
          "author_d2b7e0d3-e1ac-5980-9c91-c52acad8736e",
          0.9545650482177734
        ],
        [
          "author_5c0ce0e8-dd3d-54e0-98c7-aab985f0ba84",
          0.9727082252502441
        ],
        [
          "author_30d5b368-bb9e-5950-967e-c012f2d94195",
          0.9987936019897461
        ],
        [
          "author_85b96028-3031-5fe6-80e4-8a0542fa1709",
          1.014697790145874
        ],
        [
          "author_6039c433-2555-57cd-90c3-e6530a13265f",
          1.0430989265441895
        ],
        [
          "author_f7b5127a-150d-5469-a028-a46bafcdba7a",
          1.0557715892791748
        ],
        [
          "author_a5db27b5-1f1e-5378-90d1-a3af003ebbe0",
          1.0754361152648926
        ]
      ]
    },
    {
      "query": "Trade-off between representation diversity and realism in generative models",
      "mrr": 1.0,
      "ndcg": 0.9222645599995151,
      "relevant_authors": 2,
      "total_authors": 32,
      "category": "AI",
      "top_results": [
        [
          "author_2774b6a5-1cd5-5c35-ba7b-d0f11d50f5ca",
          0.7137399911880493
        ],
        [
          "author_f7b5127a-150d-5469-a028-a46bafcdba7a",
          0.8513473272323608
        ],
        [
          "author_6039c433-2555-57cd-90c3-e6530a13265f",
          0.8761274814605713
        ],
        [
          "author_5c0ce0e8-dd3d-54e0-98c7-aab985f0ba84",
          0.8875092267990112
        ],
        [
          "author_d338b836-41a0-54a4-a675-a5565f143403",
          0.9596978425979614
        ],
        [
          "author_ceb13e8b-a851-5a29-9a76-b484a6b6b5c8",
          0.9899763464927673
        ],
        [
          "author_00e4d0ff-ff9a-519c-88a9-2d307597e287",
          0.9932928085327148
        ],
        [
          "author_a5285d4e-1482-508a-ad26-b3c72267b7ab",
          0.9990283846855164
        ],
        [
          "author_c5869a2c-b8e4-5e86-8a82-2185a2a22039",
          1.01673424243927
        ],
        [
          "author_30d5b368-bb9e-5950-967e-c012f2d94195",
          1.0439674854278564
        ]
      ]
    },
    {
      "query": "How artificial intelligence creates original images from text descriptions",
      "mrr": 0.5,
      "ndcg": 0.8861970819132561,
      "relevant_authors": 2,
      "total_authors": 32,
      "category": "AI",
      "top_results": [
        [
          "author_6039c433-2555-57cd-90c3-e6530a13265f",
          0.9728320240974426
        ],
        [
          "author_a44bce31-6f08-5458-834b-91a40ac7bec4",
          1.0208287239074707
        ],
        [
          "author_2774b6a5-1cd5-5c35-ba7b-d0f11d50f5ca",
          1.026211142539978
        ],
        [
          "author_d2b7e0d3-e1ac-5980-9c91-c52acad8736e",
          1.0329954624176025
        ],
        [
          "author_ceb13e8b-a851-5a29-9a76-b484a6b6b5c8",
          1.0334343910217285
        ],
        [
          "author_f7b5127a-150d-5469-a028-a46bafcdba7a",
          1.0375133752822876
        ],
        [
          "author_5c0ce0e8-dd3d-54e0-98c7-aab985f0ba84",
          1.1195619106292725
        ],
        [
          "author_a5db27b5-1f1e-5378-90d1-a3af003ebbe0",
          1.143895149230957
        ],
        [
          "author_f71632e9-6bd8-5792-90b0-6d41a4961279",
          1.158818244934082
        ],
        [
          "author_c5869a2c-b8e4-5e86-8a82-2185a2a22039",
          1.2038747072219849
        ]
      ]
    },
    {
      "query": "Military deception strategy",
      "mrr": 1.0,
      "ndcg": 0.9341808986804132,
      "relevant_authors": 2,
      "total_authors": 32,
      "category": "MilDec",
      "top_results": [
        [
          "author_a5285d4e-1482-508a-ad26-b3c72267b7ab",
          0.7112429738044739
        ],
        [
          "author_d338b836-41a0-54a4-a675-a5565f143403",
          0.7687653303146362
        ],
        [
          "author_f7b5127a-150d-5469-a028-a46bafcdba7a",
          0.7971152663230896
        ],
        [
          "author_00e4d0ff-ff9a-519c-88a9-2d307597e287",
          0.8112949728965759
        ],
        [
          "author_b69b75ea-077f-52ad-a080-16c019d5c267",
          0.8175772428512573
        ],
        [
          "author_6039c433-2555-57cd-90c3-e6530a13265f",
          0.8593621253967285
        ],
        [
          "author_5c0ce0e8-dd3d-54e0-98c7-aab985f0ba84",
          0.9246355891227722
        ],
        [
          "author_8e004942-6f0d-5387-a764-97a0a7144af0",
          0.9902394413948059
        ],
        [
          "author_2774b6a5-1cd5-5c35-ba7b-d0f11d50f5ca",
          1.0276062488555908
        ],
        [
          "author_ceb13e8b-a851-5a29-9a76-b484a6b6b5c8",
          1.0833659172058105
        ]
      ]
    },
    {
      "query": "Military deception principles",
      "mrr": 1.0,
      "ndcg": 0.9411349774664732,
      "relevant_authors": 2,
      "total_authors": 32,
      "category": "MilDec",
      "top_results": [
        [
          "author_a5285d4e-1482-508a-ad26-b3c72267b7ab",
          0.7554270029067993
        ],
        [
          "author_f7b5127a-150d-5469-a028-a46bafcdba7a",
          0.7816634774208069
        ],
        [
          "author_d338b836-41a0-54a4-a675-a5565f143403",
          0.8080207109451294
        ],
        [
          "author_00e4d0ff-ff9a-519c-88a9-2d307597e287",
          0.8401910662651062
        ],
        [
          "author_b69b75ea-077f-52ad-a080-16c019d5c267",
          0.8522675037384033
        ],
        [
          "author_6039c433-2555-57cd-90c3-e6530a13265f",
          0.8579013347625732
        ],
        [
          "author_5c0ce0e8-dd3d-54e0-98c7-aab985f0ba84",
          0.9390878081321716
        ],
        [
          "author_8e004942-6f0d-5387-a764-97a0a7144af0",
          0.9913707375526428
        ],
        [
          "author_2774b6a5-1cd5-5c35-ba7b-d0f11d50f5ca",
          1.0252301692962646
        ],
        [
          "author_ceb13e8b-a851-5a29-9a76-b484a6b6b5c8",
          1.1003361940383911
        ]
      ]
    },
    {
      "query": "Military deception techniques",
      "mrr": 0.3333333333333333,
      "ndcg": 0.9058731190910997,
      "relevant_authors": 2,
      "total_authors": 32,
      "category": "MilDec",