{
  "model": "Qwen/Qwen3-Embedding-0.6B",
  "embedding_dim": 1024,
  "avg_mrr": 0.625,
  "avg_ndcg": 0.8839172294788763,
  "avg_time_per_abstract_seconds": 0.18621547839767755,
  "avg_time_per_abstract_ms": 186.21547839767754,
  "total_abstracts_encoded": 718,
  "total_encoding_time_seconds": 133.70271348953247,
  "category_metrics": {
    "AI": {
      "avg_mrr": 1.0,
      "avg_ndcg": 0.9285064462978262,
      "queries_evaluated": 3
    },
    "MilDec": {
      "avg_mrr": 0.8333333333333334,
      "avg_ndcg": 0.9232365310540297,
      "queries_evaluated": 3
    },
    "MilDec & AI": {
      "avg_mrr": 0.6666666666666666,
      "avg_ndcg": 0.8796613905988728,
      "queries_evaluated": 3
    },
    "Unrelated": {
      "avg_mrr": 0.0,
      "avg_ndcg": 0.8042645499647775,
      "queries_evaluated": 3
    }
  },
  "queries": [
    {
      "query": "Multimodal latent perceptual loss for high-resolution image synthesis",
      "mrr": 1.0,
      "ndcg": 0.9170644874605407,
      "relevant_authors": 5,
      "total_authors": 32,
      "category": "AI",
      "top_results": [
        [
          "author_2774b6a5-1cd5-5c35-ba7b-d0f11d50f5ca",
          0.5932881236076355
        ],
        [
          "author_a44bce31-6f08-5458-834b-91a40ac7bec4",
          0.6845808029174805
        ],
        [
          "author_d2b7e0d3-e1ac-5980-9c91-c52acad8736e",
          0.7351502180099487
        ],
        [
          "author_6039c433-2555-57cd-90c3-e6530a13265f",
          0.755809485912323
        ],
        [
          "author_f7b5127a-150d-5469-a028-a46bafcdba7a",
          0.7675320506095886
        ],
        [
          "author_c5869a2c-b8e4-5e86-8a82-2185a2a22039",
          0.7704360485076904
        ],
        [
          "author_a5db27b5-1f1e-5378-90d1-a3af003ebbe0",
          0.773800790309906
        ],
        [
          "author_5c0ce0e8-dd3d-54e0-98c7-aab985f0ba84",
          0.79737788438797
        ],
        [
          "author_77576e7e-bc43-59fa-9a08-8901bcf55992",
          0.9012117981910706
        ],
        [
          "author_85b96028-3031-5fe6-80e4-8a0542fa1709",
          0.9021235108375549
        ]
      ]
    },
    {
      "query": "Trade-off between representation diversity and realism in generative models",
      "mrr": 1.0,
      "ndcg": 0.9232100565845599,
      "relevant_authors": 2,
      "total_authors": 32,
      "category": "AI",
      "top_results": [
        [
          "author_2774b6a5-1cd5-5c35-ba7b-d0f11d50f5ca",
          0.5243712067604065
        ],
        [
          "author_6039c433-2555-57cd-90c3-e6530a13265f",
          0.6708319187164307
        ],
        [
          "author_f7b5127a-150d-5469-a028-a46bafcdba7a",
          0.7274695634841919
        ],
        [
          "author_5c0ce0e8-dd3d-54e0-98c7-aab985f0ba84",
          0.755203366279602
        ],
        [
          "author_a44bce31-6f08-5458-834b-91a40ac7bec4",
          0.8156970143318176
        ],
        [
          "author_c5869a2c-b8e4-5e86-8a82-2185a2a22039",
          0.8239985704421997
        ],
        [
          "author_d2b7e0d3-e1ac-5980-9c91-c52acad8736e",
          0.840911328792572
        ],
        [
          "author_a5db27b5-1f1e-5378-90d1-a3af003ebbe0",
          0.8497011661529541
        ],
        [
          "author_a5285d4e-1482-508a-ad26-b3c72267b7ab",
          0.8627581596374512
        ],
        [
          "author_d338b836-41a0-54a4-a675-a5565f143403",
          0.8629270792007446
        ]
      ]
    },
    {
      "query": "How artificial intelligence creates original images from text descriptions",
      "mrr": 1.0,
      "ndcg": 0.945244794848378,
      "relevant_authors": 2,
      "total_authors": 32,
      "category": "AI",
      "top_results": [
        [
          "author_2774b6a5-1cd5-5c35-ba7b-d0f11d50f5ca",
          0.6066351532936096
        ],
        [
          "author_6039c433-2555-57cd-90c3-e6530a13265f",
          0.7412853240966797
        ],
        [
          "author_f7b5127a-150d-5469-a028-a46bafcdba7a",
          0.7494150400161743
        ],
        [
          "author_a44bce31-6f08-5458-834b-91a40ac7bec4",
          0.8179347515106201
        ],
        [
          "author_5c0ce0e8-dd3d-54e0-98c7-aab985f0ba84",
          0.8328693509101868
        ],
        [
          "author_d2b7e0d3-e1ac-5980-9c91-c52acad8736e",
          0.8623673915863037
        ],
        [
          "author_a5db27b5-1f1e-5378-90d1-a3af003ebbe0",
          0.9096132516860962
        ],
        [
          "author_c5869a2c-b8e4-5e86-8a82-2185a2a22039",
          0.9498487114906311
        ],
        [
          "author_a5285d4e-1482-508a-ad26-b3c72267b7ab",
          0.9700796008110046
        ],
        [
          "author_d338b836-41a0-54a4-a675-a5565f143403",
          0.9705331921577454
        ]
      ]
    },
    {
      "query": "Military deception strategy",
      "mrr": 1.0,
      "ndcg": 0.9287748157415497,
      "relevant_authors": 2,
      "total_authors": 32,
      "category": "MilDec",
      "top_results": [
        [
          "author_a5285d4e-1482-508a-ad26-b3c72267b7ab",
          0.6448551416397095
        ],
        [
          "author_d338b836-41a0-54a4-a675-a5565f143403",
          0.7521706819534302
        ],
        [
          "author_6039c433-2555-57cd-90c3-e6530a13265f",
          0.7805068492889404
        ],
        [
          "author_00e4d0ff-ff9a-519c-88a9-2d307597e287",
          0.8178017139434814
        ],
        [
          "author_b69b75ea-077f-52ad-a080-16c019d5c267",
          0.8233878016471863
        ],
        [
          "author_5c0ce0e8-dd3d-54e0-98c7-aab985f0ba84",
          0.8302116394042969
        ],
        [
          "author_f7b5127a-150d-5469-a028-a46bafcdba7a",
          0.836212158203125
        ],
        [
          "author_85b96028-3031-5fe6-80e4-8a0542fa1709",
          0.9009639620780945
        ],
        [
          "author_77576e7e-bc43-59fa-9a08-8901bcf55992",
          0.9309497475624084
        ],
        [
          "author_c5869a2c-b8e4-5e86-8a82-2185a2a22039",
          0.9379396438598633
        ]
      ]
    },
    {
      "query": "Military deception principles",
      "mrr": 1.0,
      "ndcg": 0.9183217836636257,
      "relevant_authors": 2,
      "total_authors": 32,
      "category": "MilDec",
      "top_results": [
        [
          "author_a5285d4e-1482-508a-ad26-b3c72267b7ab",
          0.6147007942199707
        ],
        [
          "author_d338b836-41a0-54a4-a675-a5565f143403",
          0.7495478391647339
        ],
        [
          "author_6039c433-2555-57cd-90c3-e6530a13265f",
          0.7609530687332153
        ],
        [
          "author_00e4d0ff-ff9a-519c-88a9-2d307597e287",
          0.8028533458709717
        ],
        [
          "author_b69b75ea-077f-52ad-a080-16c019d5c267",
          0.8121616840362549
        ],
        [
          "author_5c0ce0e8-dd3d-54e0-98c7-aab985f0ba84",
          0.812224268913269
        ],
        [
          "author_f7b5127a-150d-5469-a028-a46bafcdba7a",
          0.8226774334907532
        ],
        [
          "author_85b96028-3031-5fe6-80e4-8a0542fa1709",
          0.9036327004432678
        ],
        [
          "author_77576e7e-bc43-59fa-9a08-8901bcf55992",
          0.9230351448059082
        ],
        [
          "author_2774b6a5-1cd5-5c35-ba7b-d0f11d50f5ca",
          0.9287452101707458
        ]
      ]
    },
    {
      "query": "Military deception techniques",
      "mrr": 0.5,
      "ndcg": 0.9226129937569135,
      "relevant_authors": 2,
      "total_authors": 32,
      "category": "MilDec",