{
  "model": "sentence-transformers/all-MiniLM-L6-v2",
  "embedding_dim": 384,
  "avg_mrr": 0.6527777777777778,
  "avg_ndcg": 0.9141799404121548,
  "avg_time_per_abstract_seconds": 0.010044037797656896,
  "avg_time_per_abstract_ms": 10.044037797656896,
  "total_abstracts_encoded": 718,
  "total_encoding_time_seconds": 7.211619138717651,
  "category_metrics": {
    "AI": {
      "avg_mrr": 0.7777777777777778,
      "avg_ndcg": 0.9006012797207869,
      "queries_evaluated": 3
    },
    "MilDec": {
      "avg_mrr": 0.8333333333333334,
      "avg_ndcg": 0.9643437465537344,
      "queries_evaluated": 3
    },
    "MilDec & AI": {
      "avg_mrr": 1.0,
      "avg_ndcg": 0.937609404171332,
      "queries_evaluated": 3
    },
    "Unrelated": {
      "avg_mrr": 0.0,
      "avg_ndcg": 0.8541653312027663,
      "queries_evaluated": 3
    }
  },
  "queries": [
    {
      "query": "Multimodal latent perceptual loss for high-resolution image synthesis",
      "mrr": 1.0,
      "ndcg": 0.9133248359873907,
      "relevant_authors": 5,
      "total_authors": 32,
      "category": "AI",
      "top_results": [
        [
          "author_a44bce31-6f08-5458-834b-91a40ac7bec4",
          0.9629359245300293
        ],
        [
          "author_d2b7e0d3-e1ac-5980-9c91-c52acad8736e",
          0.9987749457359314
        ],
        [
          "author_2774b6a5-1cd5-5c35-ba7b-d0f11d50f5ca",
          1.094847321510315
        ],
        [
          "author_6039c433-2555-57cd-90c3-e6530a13265f",
          1.141967535018921
        ],
        [
          "author_c5869a2c-b8e4-5e86-8a82-2185a2a22039",
          1.1550042629241943
        ],
        [
          "author_5c0ce0e8-dd3d-54e0-98c7-aab985f0ba84",
          1.207678198814392
        ],
        [
          "author_a8611ce6-ce79-509d-835f-e334689408f7",
          1.2293834686279297
        ],
        [
          "author_a5db27b5-1f1e-5378-90d1-a3af003ebbe0",
          1.2339986562728882
        ],
        [
          "author_ceb13e8b-a851-5a29-9a76-b484a6b6b5c8",
          1.2391114234924316
        ],
        [
          "author_30d5b368-bb9e-5950-967e-c012f2d94195",
          1.258220911026001
        ]
      ]
    },
    {
      "query": "Trade-off between representation diversity and realism in generative models",
      "mrr": 1.0,
      "ndcg": 0.9337363531296998,
      "relevant_authors": 2,
      "total_authors": 32,
      "category": "AI",
      "top_results": [
        [
          "author_2774b6a5-1cd5-5c35-ba7b-d0f11d50f5ca",
          0.9651357531547546
        ],
        [
          "author_6039c433-2555-57cd-90c3-e6530a13265f",
          1.122552514076233
        ],
        [
          "author_a44bce31-6f08-5458-834b-91a40ac7bec4",
          1.1576007604599
        ],
        [
          "author_c5869a2c-b8e4-5e86-8a82-2185a2a22039",
          1.1870856285095215
        ],
        [
          "author_5c0ce0e8-dd3d-54e0-98c7-aab985f0ba84",
          1.192583441734314
        ],
        [
          "author_f7b5127a-150d-5469-a028-a46bafcdba7a",
          1.219905138015747
        ],
        [
          "author_ceb13e8b-a851-5a29-9a76-b484a6b6b5c8",
          1.227388858795166
        ],
        [
          "author_a5285d4e-1482-508a-ad26-b3c72267b7ab",
          1.2309370040893555
        ],
        [
          "author_d2b7e0d3-e1ac-5980-9c91-c52acad8736e",
          1.250415563583374
        ],
        [
          "author_30d5b368-bb9e-5950-967e-c012f2d94195",
          1.2515766620635986
        ]
      ]
    },
    {
      "query": "How artificial intelligence creates original images from text descriptions",
      "mrr": 0.3333333333333333,
      "ndcg": 0.8547426500452701,
      "relevant_authors": 2,
      "total_authors": 32,
      "category": "AI",
      "top_results": [
        [
          "author_6039c433-2555-57cd-90c3-e6530a13265f",
          0.8910493850708008
        ],
        [
          "author_f7b5127a-150d-5469-a028-a46bafcdba7a",
          0.9881889820098877
        ],
        [
          "author_a44bce31-6f08-5458-834b-91a40ac7bec4",
          0.9938600659370422
        ],
        [
          "author_2774b6a5-1cd5-5c35-ba7b-d0f11d50f5ca",
          1.0000596046447754
        ],
        [
          "author_ceb13e8b-a851-5a29-9a76-b484a6b6b5c8",
          1.0832290649414062
        ],
        [
          "author_d2b7e0d3-e1ac-5980-9c91-c52acad8736e",
          1.143620252609253
        ],
        [
          "author_5c0ce0e8-dd3d-54e0-98c7-aab985f0ba84",
          1.1518698930740356
        ],
        [
          "author_d338b836-41a0-54a4-a675-a5565f143403",
          1.218414545059204
        ],
        [
          "author_f71632e9-6bd8-5792-90b0-6d41a4961279",
          1.2195481061935425
        ],
        [
          "author_00e4d0ff-ff9a-519c-88a9-2d307597e287",
          1.2233426570892334
        ]
      ]
    },
    {
      "query": "Military deception strategy",
      "mrr": 1.0,
      "ndcg": 0.9705930282580874,
      "relevant_authors": 2,
      "total_authors": 32,
      "category": "MilDec",
      "top_results": [
        [
          "author_a5285d4e-1482-508a-ad26-b3c72267b7ab",
          0.7402915358543396
        ],
        [
          "author_00e4d0ff-ff9a-519c-88a9-2d307597e287",
          0.7523135542869568
        ],
        [
          "author_d338b836-41a0-54a4-a675-a5565f143403",
          0.8539669513702393
        ],
        [
          "author_b69b75ea-077f-52ad-a080-16c019d5c267",
          0.8596899509429932
        ],
        [
          "author_6039c433-2555-57cd-90c3-e6530a13265f",
          0.938318133354187
        ],
        [
          "author_f7b5127a-150d-5469-a028-a46bafcdba7a",
          0.9609759449958801
        ],
        [
          "author_ceb13e8b-a851-5a29-9a76-b484a6b6b5c8",
          1.016599178314209
        ],
        [
          "author_5c0ce0e8-dd3d-54e0-98c7-aab985f0ba84",
          1.0499831438064575
        ],
        [
          "author_2774b6a5-1cd5-5c35-ba7b-d0f11d50f5ca",
          1.111433506011963
        ],
        [
          "author_8e004942-6f0d-5387-a764-97a0a7144af0",
          1.1247546672821045
        ]
      ]
    },
    {
      "query": "Military deception principles",
      "mrr": 1.0,
      "ndcg": 0.971256931935565,
      "relevant_authors": 2,
      "total_authors": 32,
      "category": "MilDec",
      "top_results": [
        [
          "author_a5285d4e-1482-508a-ad26-b3c72267b7ab",
          0.7187281250953674
        ],
        [
          "author_00e4d0ff-ff9a-519c-88a9-2d307597e287",
          0.8084648251533508
        ],
        [
          "author_d338b836-41a0-54a4-a675-a5565f143403",
          0.9134645462036133
        ],
        [
          "author_b69b75ea-077f-52ad-a080-16c019d5c267",
          0.9511587619781494
        ],
        [
          "author_6039c433-2555-57cd-90c3-e6530a13265f",
          0.9725892543792725
        ],
        [
          "author_f7b5127a-150d-5469-a028-a46bafcdba7a",
          0.9726793169975281
        ],
        [
          "author_ceb13e8b-a851-5a29-9a76-b484a6b6b5c8",
          1.0419796705245972
        ],
        [
          "author_5c0ce0e8-dd3d-54e0-98c7-aab985f0ba84",
          1.0772294998168945
        ],
        [
          "author_8e004942-6f0d-5387-a764-97a0a7144af0",
          1.0911266803741455
        ],
        [
          "author_2774b6a5-1cd5-5c35-ba7b-d0f11d50f5ca",
          1.1346421241760254
        ]
      ]
    },
    {
      "query": "Military deception techniques",
      "mrr": 0.5,
      "ndcg": 0.9511812794675513,
      "relevant_authors": 2,
      "total_authors": 32,
      "category": "MilDec",