{
  "model": "cointegrated/rubert-tiny2",
  "embedding_dim": 312,
  "avg_mrr": 0.38611111111111107,
  "avg_ndcg": 0.7703743786323337,
  "avg_time_per_abstract_seconds": 0.00593071860523277,
  "avg_time_per_abstract_ms": 5.93071860523277,
  "total_abstracts_encoded": 718,
  "total_encoding_time_seconds": 4.258255958557129,
  "category_metrics": {
    "AI": {
      "avg_mrr": 0.5833333333333334,
      "avg_ndcg": 0.7662650064849759,
      "queries_evaluated": 3
    },
    "MilDec": {
      "avg_mrr": 0.7000000000000001,
      "avg_ndcg": 0.797045214468492,
      "queries_evaluated": 3
    },
    "MilDec & AI": {
      "avg_mrr": 0.2611111111111111,
      "avg_ndcg": 0.7131160915638359,
      "queries_evaluated": 3
    },
    "Unrelated": {
      "avg_mrr": 0.0,
      "avg_ndcg": 0.805071202012031,
      "queries_evaluated": 3
    }
  },
  "queries": [
    {
      "query": "Multimodal latent perceptual loss for high-resolution image synthesis",
      "mrr": 0.25,
      "ndcg": 0.6238288624290886,
      "relevant_authors": 5,
      "total_authors": 32,
      "category": "AI",
      "top_results": [
        [
          "author_6d18cf33-f99e-5435-82e4-684923ba8807",
          0.46084892749786377
        ],
        [
          "author_a8611ce6-ce79-509d-835f-e334689408f7",
          0.48377424478530884
        ],
        [
          "author_77576e7e-bc43-59fa-9a08-8901bcf55992",
          0.513631284236908
        ],
        [
          "author_a44bce31-6f08-5458-834b-91a40ac7bec4",
          0.5186712145805359
        ],
        [
          "author_05d4b046-8319-56cd-a216-425dff836a4f",
          0.5216829776763916
        ],
        [
          "author_bb367576-94d4-58fd-a9d8-ad093b204810",
          0.5227311849594116
        ],
        [
          "author_d2b7e0d3-e1ac-5980-9c91-c52acad8736e",
          0.525344967842102
        ],
        [
          "author_c5869a2c-b8e4-5e86-8a82-2185a2a22039",
          0.5289215445518494
        ],
        [
          "author_a5db27b5-1f1e-5378-90d1-a3af003ebbe0",
          0.5297747850418091
        ],
        [
          "author_85b96028-3031-5fe6-80e4-8a0542fa1709",
          0.5350926518440247
        ]
      ]
    },
    {
      "query": "Trade-off between representation diversity and realism in generative models",
      "mrr": 0.5,
      "ndcg": 0.8171364631618385,
      "relevant_authors": 2,
      "total_authors": 32,
      "category": "AI",
      "top_results": [
        [
          "author_6039c433-2555-57cd-90c3-e6530a13265f",
          0.47403597831726074
        ],
        [
          "author_2774b6a5-1cd5-5c35-ba7b-d0f11d50f5ca",
          0.4770376682281494
        ],
        [
          "author_a44bce31-6f08-5458-834b-91a40ac7bec4",
          0.4778578579425812
        ],
        [
          "author_a8611ce6-ce79-509d-835f-e334689408f7",
          0.4792737066745758
        ],
        [
          "author_6d18cf33-f99e-5435-82e4-684923ba8807",
          0.4812770485877991
        ],
        [
          "author_5c0ce0e8-dd3d-54e0-98c7-aab985f0ba84",
          0.48300328850746155
        ],
        [
          "author_f7b5127a-150d-5469-a028-a46bafcdba7a",
          0.48375123739242554
        ],
        [
          "author_e2a75112-963b-5cc4-8df1-e9e2e5ec42b0",
          0.4838041663169861
        ],
        [
          "author_f71632e9-6bd8-5792-90b0-6d41a4961279",
          0.4838496446609497
        ],
        [
          "author_068aadca-e864-5b99-bff5-029b99add255",
          0.4867013096809387
        ]
      ]
    },
    {
      "query": "How artificial intelligence creates original images from text descriptions",
      "mrr": 1.0,
      "ndcg": 0.8578296938640004,
      "relevant_authors": 2,
      "total_authors": 32,
      "category": "AI",
      "top_results": [
        [
          "author_a44bce31-6f08-5458-834b-91a40ac7bec4",
          0.4008335769176483
        ],
        [
          "author_6039c433-2555-57cd-90c3-e6530a13265f",
          0.47203129529953003
        ],
        [
          "author_d2b7e0d3-e1ac-5980-9c91-c52acad8736e",
          0.47467276453971863
        ],
        [
          "author_a5db27b5-1f1e-5378-90d1-a3af003ebbe0",
          0.4753841161727905
        ],
        [
          "author_2774b6a5-1cd5-5c35-ba7b-d0f11d50f5ca",
          0.47634357213974
        ],
        [
          "author_6d18cf33-f99e-5435-82e4-684923ba8807",
          0.4820135831832886
        ],
        [
          "author_f7b5127a-150d-5469-a028-a46bafcdba7a",
          0.4875604212284088
        ],
        [
          "author_f71632e9-6bd8-5792-90b0-6d41a4961279",
          0.5023168325424194
        ],
        [
          "author_5c0ce0e8-dd3d-54e0-98c7-aab985f0ba84",
          0.5037416219711304
        ],
        [
          "author_a8611ce6-ce79-509d-835f-e334689408f7",
          0.5039079785346985
        ]
      ]
    },
    {
      "query": "Military deception strategy",
      "mrr": 1.0,
      "ndcg": 0.8260323658983624,
      "relevant_authors": 2,
      "total_authors": 32,
      "category": "MilDec",
      "top_results": [
        [
          "author_a5285d4e-1482-508a-ad26-b3c72267b7ab",
          0.6733036041259766
        ],
        [
          "author_2774b6a5-1cd5-5c35-ba7b-d0f11d50f5ca",
          0.6900228261947632
        ],
        [
          "author_6039c433-2555-57cd-90c3-e6530a13265f",
          0.7108150124549866
        ],
        [
          "author_d338b836-41a0-54a4-a675-a5565f143403",
          0.7145774364471436
        ],
        [
          "author_5c0ce0e8-dd3d-54e0-98c7-aab985f0ba84",
          0.7151516675949097
        ],
        [
          "author_f7b5127a-150d-5469-a028-a46bafcdba7a",
          0.715442419052124
        ],
        [
          "author_00e4d0ff-ff9a-519c-88a9-2d307597e287",
          0.7194693684577942
        ],
        [
          "author_30d5b368-bb9e-5950-967e-c012f2d94195",
          0.7238996624946594
        ],
        [
          "author_ceb13e8b-a851-5a29-9a76-b484a6b6b5c8",
          0.7302156686782837
        ],
        [
          "author_068aadca-e864-5b99-bff5-029b99add255",
          0.7410447597503662
        ]
      ]
    },
    {
      "query": "Military deception principles",
      "mrr": 1.0,
      "ndcg": 0.8389694612858147,
      "relevant_authors": 2,
      "total_authors": 32,
      "category": "MilDec",
      "top_results": [
        [
          "author_a5285d4e-1482-508a-ad26-b3c72267b7ab",
          0.6744086146354675
        ],
        [
          "author_2774b6a5-1cd5-5c35-ba7b-d0f11d50f5ca",
          0.6892154216766357
        ],
        [
          "author_f7b5127a-150d-5469-a028-a46bafcdba7a",
          0.6957907676696777
        ],
        [
          "author_5c0ce0e8-dd3d-54e0-98c7-aab985f0ba84",
          0.6980395913124084
        ],
        [
          "author_d338b836-41a0-54a4-a675-a5565f143403",
          0.7090741395950317
        ],
        [
          "author_068aadca-e864-5b99-bff5-029b99add255",
          0.7138680219650269
        ],
        [
          "author_05d4b046-8319-56cd-a216-425dff836a4f",
          0.7144142985343933
        ],
        [
          "author_6039c433-2555-57cd-90c3-e6530a13265f",
          0.7167812585830688
        ],
        [
          "author_00e4d0ff-ff9a-519c-88a9-2d307597e287",
          0.7178806662559509
        ],
        [
          "author_30d5b368-bb9e-5950-967e-c012f2d94195",
          0.7191921472549438
        ]
      ]
    },
    {
      "query": "Military deception techniques",
      "mrr": 0.1,
      "ndcg": 0.7261338162212988,
      "relevant_authors": 2,
      "total_authors": 32,
      "category": "MilDec",