{
  "model": "Qwen/Qwen3-Embedding-0.6B",
  "embedding_dim": 1024,
  "avg_mrr": 0.625,
  "avg_ndcg": 0.8839314242915655,
  "avg_time_per_abstract_seconds": 2.8319547166399306,
  "avg_time_per_abstract_ms": 2831.9547166399307,
  "total_abstracts_encoded": 718,
  "total_encoding_time_seconds": 2033.34348654747,
  "category_metrics": {
    "AI": {
      "avg_mrr": 1.0,
      "avg_ndcg": 0.9290405028159016,
      "queries_evaluated": 3
    },
    "MilDec": {
      "avg_mrr": 0.8333333333333334,
      "avg_ndcg": 0.9231343036236422,
      "queries_evaluated": 3
    },
    "MilDec & AI": {
      "avg_mrr": 0.6666666666666666,
      "avg_ndcg": 0.8796613905988728,
      "queries_evaluated": 3
    },
    "Unrelated": {
      "avg_mrr": 0.0,
      "avg_ndcg": 0.8038895001278455,
      "queries_evaluated": 3
    }
  },
  "queries": [
    {
      "query": "Multimodal latent perceptual loss for high-resolution image synthesis",
      "mrr": 1.0,
      "ndcg": 0.916880119240502,
      "relevant_authors": 5,
      "total_authors": 32,
      "category": "AI",
      "top_results": [
        [
          "author_2774b6a5-1cd5-5c35-ba7b-d0f11d50f5ca",
          0.5994518995285034
        ],
        [
          "author_a44bce31-6f08-5458-834b-91a40ac7bec4",
          0.693164587020874
        ],
        [
          "author_d2b7e0d3-e1ac-5980-9c91-c52acad8736e",
          0.7424142360687256
        ],
        [
          "author_6039c433-2555-57cd-90c3-e6530a13265f",
          0.7636727094650269
        ],
        [
          "author_f7b5127a-150d-5469-a028-a46bafcdba7a",
          0.7745908498764038
        ],
        [
          "author_c5869a2c-b8e4-5e86-8a82-2185a2a22039",
          0.7778252959251404
        ],
        [
          "author_a5db27b5-1f1e-5378-90d1-a3af003ebbe0",
          0.7828930616378784
        ],
        [
          "author_5c0ce0e8-dd3d-54e0-98c7-aab985f0ba84",
          0.8052536249160767
        ],
        [
          "author_77576e7e-bc43-59fa-9a08-8901bcf55992",
          0.909747838973999
        ],
        [
          "author_85b96028-3031-5fe6-80e4-8a0542fa1709",
          0.909796416759491
        ]
      ]
    },
    {
      "query": "Trade-off between representation diversity and realism in generative models",
      "mrr": 1.0,
      "ndcg": 0.9242569743054687,
      "relevant_authors": 2,
      "total_authors": 32,
      "category": "AI",
      "top_results": [
        [
          "author_2774b6a5-1cd5-5c35-ba7b-d0f11d50f5ca",
          0.5206567645072937
        ],
        [
          "author_6039c433-2555-57cd-90c3-e6530a13265f",
          0.6661652326583862
        ],
        [
          "author_f7b5127a-150d-5469-a028-a46bafcdba7a",
          0.7234865427017212
        ],
        [
          "author_5c0ce0e8-dd3d-54e0-98c7-aab985f0ba84",
          0.7500802278518677
        ],
        [
          "author_a44bce31-6f08-5458-834b-91a40ac7bec4",
          0.8108084201812744
        ],
        [
          "author_c5869a2c-b8e4-5e86-8a82-2185a2a22039",
          0.8175429701805115
        ],
        [
          "author_d2b7e0d3-e1ac-5980-9c91-c52acad8736e",
          0.8378465175628662
        ],
        [
          "author_a5db27b5-1f1e-5378-90d1-a3af003ebbe0",
          0.8443021178245544
        ],
        [
          "author_d338b836-41a0-54a4-a675-a5565f143403",
          0.8584398031234741
        ],
        [
          "author_a5285d4e-1482-508a-ad26-b3c72267b7ab",
          0.8593555688858032
        ]
      ]
    },
    {
      "query": "How artificial intelligence creates original images from text descriptions",
      "mrr": 1.0,
      "ndcg": 0.9459844149017339,
      "relevant_authors": 2,
      "total_authors": 32,
      "category": "AI",
      "top_results": [
        [
          "author_2774b6a5-1cd5-5c35-ba7b-d0f11d50f5ca",
          0.6114939451217651
        ],
        [
          "author_6039c433-2555-57cd-90c3-e6530a13265f",
          0.7486823201179504
        ],
        [
          "author_f7b5127a-150d-5469-a028-a46bafcdba7a",
          0.7573258876800537
        ],
        [
          "author_a44bce31-6f08-5458-834b-91a40ac7bec4",
          0.8251930475234985
        ],
        [
          "author_5c0ce0e8-dd3d-54e0-98c7-aab985f0ba84",
          0.840607225894928
        ],
        [
          "author_d2b7e0d3-e1ac-5980-9c91-c52acad8736e",
          0.8698873519897461
        ],
        [
          "author_a5db27b5-1f1e-5378-90d1-a3af003ebbe0",
          0.9182369709014893
        ],
        [
          "author_c5869a2c-b8e4-5e86-8a82-2185a2a22039",
          0.9567898511886597
        ],
        [
          "author_d338b836-41a0-54a4-a675-a5565f143403",
          0.9779149889945984
        ],
        [
          "author_a5285d4e-1482-508a-ad26-b3c72267b7ab",
          0.9792991876602173
        ]
      ]
    },
    {
      "query": "Military deception strategy",
      "mrr": 1.0,
      "ndcg": 0.9284380256324943,
      "relevant_authors": 2,
      "total_authors": 32,
      "category": "MilDec",
      "top_results": [
        [
          "author_a5285d4e-1482-508a-ad26-b3c72267b7ab",
          0.6453492641448975
        ],
        [
          "author_d338b836-41a0-54a4-a675-a5565f143403",
          0.7532849311828613
        ],
        [
          "author_6039c433-2555-57cd-90c3-e6530a13265f",
          0.7810372710227966
        ],
        [
          "author_00e4d0ff-ff9a-519c-88a9-2d307597e287",
          0.8204643726348877
        ],
        [
          "author_b69b75ea-077f-52ad-a080-16c019d5c267",
          0.8242578506469727
        ],
        [
          "author_5c0ce0e8-dd3d-54e0-98c7-aab985f0ba84",
          0.830818772315979
        ],
        [
          "author_f7b5127a-150d-5469-a028-a46bafcdba7a",
          0.8379834890365601
        ],
        [
          "author_85b96028-3031-5fe6-80e4-8a0542fa1709",
          0.9010027050971985
        ],
        [
          "author_77576e7e-bc43-59fa-9a08-8901bcf55992",
          0.9322012662887573
        ],
        [
          "author_c5869a2c-b8e4-5e86-8a82-2185a2a22039",
          0.9377247095108032
        ]
      ]
    },
    {
      "query": "Military deception principles",
      "mrr": 1.0,
      "ndcg": 0.918850580641879,
      "relevant_authors": 2,
      "total_authors": 32,
      "category": "MilDec",
      "top_results": [
        [
          "author_a5285d4e-1482-508a-ad26-b3c72267b7ab",
          0.6141811609268188
        ],
        [
          "author_d338b836-41a0-54a4-a675-a5565f143403",
          0.7497885823249817
        ],
        [
          "author_6039c433-2555-57cd-90c3-e6530a13265f",
          0.7594352960586548
        ],
        [
          "author_00e4d0ff-ff9a-519c-88a9-2d307597e287",
          0.8040542602539062
        ],
        [
          "author_5c0ce0e8-dd3d-54e0-98c7-aab985f0ba84",
          0.81157386302948
        ],
        [
          "author_b69b75ea-077f-52ad-a080-16c019d5c267",
          0.8124924898147583
        ],
        [
          "author_f7b5127a-150d-5469-a028-a46bafcdba7a",
          0.8230492472648621
        ],
        [
          "author_85b96028-3031-5fe6-80e4-8a0542fa1709",
          0.9022972583770752
        ],
        [
          "author_77576e7e-bc43-59fa-9a08-8901bcf55992",
          0.9225749969482422
        ],
        [
          "author_a8611ce6-ce79-509d-835f-e334689408f7",
          0.9275693893432617
        ]
      ]
    },
    {
      "query": "Military deception techniques",
      "mrr": 0.5,
      "ndcg": 0.9221143045965534,
      "relevant_authors": 2,
      "total_authors": 32,
      "category": "MilDec",