{
  "model": "sentence-transformers/all-MiniLM-L6-v2",
  "embedding_dim": 384,
  "avg_mrr": 0.6527777777777778,
  "avg_ndcg": 0.9141799404121548,
  "avg_time_per_abstract_seconds": 0.024807028451669846,
  "avg_time_per_abstract_ms": 24.807028451669847,
  "total_abstracts_encoded": 718,
  "total_encoding_time_seconds": 17.81144642829895,
  "category_metrics": {
    "AI": {
      "avg_mrr": 0.7777777777777778,
      "avg_ndcg": 0.9006012797207869,
      "queries_evaluated": 3
    },
    "MilDec": {
      "avg_mrr": 0.8333333333333334,
      "avg_ndcg": 0.9643437465537344,
      "queries_evaluated": 3
    },
    "MilDec & AI": {
      "avg_mrr": 1.0,
      "avg_ndcg": 0.937609404171332,
      "queries_evaluated": 3
    },
    "Unrelated": {
      "avg_mrr": 0.0,
      "avg_ndcg": 0.8541653312027663,
      "queries_evaluated": 3
    }
  },
  "queries": [
    {
      "query": "Multimodal latent perceptual loss for high-resolution image synthesis",
      "mrr": 1.0,
      "ndcg": 0.9133248359873907,
      "relevant_authors": 5,
      "total_authors": 32,
      "category": "AI",
      "top_results": [
        [
          "author_a44bce31-6f08-5458-834b-91a40ac7bec4",
          0.9629356861114502
        ],
        [
          "author_d2b7e0d3-e1ac-5980-9c91-c52acad8736e",
          0.9987748861312866
        ],
        [
          "author_2774b6a5-1cd5-5c35-ba7b-d0f11d50f5ca",
          1.0948472023010254
        ],
        [
          "author_6039c433-2555-57cd-90c3-e6530a13265f",
          1.141967535018921
        ],
        [
          "author_c5869a2c-b8e4-5e86-8a82-2185a2a22039",
          1.1550041437149048
        ],
        [
          "author_5c0ce0e8-dd3d-54e0-98c7-aab985f0ba84",
          1.2076783180236816
        ],
        [
          "author_a8611ce6-ce79-509d-835f-e334689408f7",
          1.2293834686279297
        ],
        [
          "author_a5db27b5-1f1e-5378-90d1-a3af003ebbe0",
          1.2339987754821777
        ],
        [
          "author_ceb13e8b-a851-5a29-9a76-b484a6b6b5c8",
          1.2391111850738525
        ],
        [
          "author_30d5b368-bb9e-5950-967e-c012f2d94195",
          1.258220911026001
        ]
      ]
    },
    {
      "query": "Trade-off between representation diversity and realism in generative models",
      "mrr": 1.0,
      "ndcg": 0.9337363531296998,
      "relevant_authors": 2,
      "total_authors": 32,
      "category": "AI",
      "top_results": [
        [
          "author_2774b6a5-1cd5-5c35-ba7b-d0f11d50f5ca",
          0.9651357531547546
        ],
        [
          "author_6039c433-2555-57cd-90c3-e6530a13265f",
          1.1225523948669434
        ],
        [
          "author_a44bce31-6f08-5458-834b-91a40ac7bec4",
          1.1576007604599
        ],
        [
          "author_c5869a2c-b8e4-5e86-8a82-2185a2a22039",
          1.1870856285095215
        ],
        [
          "author_5c0ce0e8-dd3d-54e0-98c7-aab985f0ba84",
          1.1925835609436035
        ],
        [
          "author_f7b5127a-150d-5469-a028-a46bafcdba7a",
          1.219905138015747
        ],
        [
          "author_ceb13e8b-a851-5a29-9a76-b484a6b6b5c8",
          1.2273889780044556
        ],
        [
          "author_a5285d4e-1482-508a-ad26-b3c72267b7ab",
          1.2309367656707764
        ],
        [
          "author_d2b7e0d3-e1ac-5980-9c91-c52acad8736e",
          1.2504158020019531
        ],
        [
          "author_30d5b368-bb9e-5950-967e-c012f2d94195",
          1.2515766620635986
        ]
      ]
    },
    {
      "query": "How artificial intelligence creates original images from text descriptions",
      "mrr": 0.3333333333333333,
      "ndcg": 0.8547426500452701,
      "relevant_authors": 2,
      "total_authors": 32,
      "category": "AI",
      "top_results": [
        [
          "author_6039c433-2555-57cd-90c3-e6530a13265f",
          0.8910493850708008
        ],
        [
          "author_f7b5127a-150d-5469-a028-a46bafcdba7a",
          0.9881890416145325
        ],
        [
          "author_a44bce31-6f08-5458-834b-91a40ac7bec4",
          0.9938598871231079
        ],
        [
          "author_2774b6a5-1cd5-5c35-ba7b-d0f11d50f5ca",
          1.0000594854354858
        ],
        [
          "author_ceb13e8b-a851-5a29-9a76-b484a6b6b5c8",
          1.0832288265228271
        ],
        [
          "author_d2b7e0d3-e1ac-5980-9c91-c52acad8736e",
          1.143620252609253
        ],
        [
          "author_5c0ce0e8-dd3d-54e0-98c7-aab985f0ba84",
          1.151869773864746
        ],
        [
          "author_d338b836-41a0-54a4-a675-a5565f143403",
          1.218414545059204
        ],
        [
          "author_f71632e9-6bd8-5792-90b0-6d41a4961279",
          1.219548225402832
        ],
        [
          "author_00e4d0ff-ff9a-519c-88a9-2d307597e287",
          1.2233425378799438
        ]
      ]
    },
    {
      "query": "Military deception strategy",
      "mrr": 1.0,
      "ndcg": 0.9705930282580874,
      "relevant_authors": 2,
      "total_authors": 32,
      "category": "MilDec",
      "top_results": [
        [
          "author_a5285d4e-1482-508a-ad26-b3c72267b7ab",
          0.7402915358543396
        ],
        [
          "author_00e4d0ff-ff9a-519c-88a9-2d307597e287",
          0.752313494682312
        ],
        [
          "author_d338b836-41a0-54a4-a675-a5565f143403",
          0.8539669513702393
        ],
        [
          "author_b69b75ea-077f-52ad-a080-16c019d5c267",
          0.8596899509429932
        ],
        [
          "author_6039c433-2555-57cd-90c3-e6530a13265f",
          0.938318133354187
        ],
        [
          "author_f7b5127a-150d-5469-a028-a46bafcdba7a",
          0.9609758257865906
        ],
        [
          "author_ceb13e8b-a851-5a29-9a76-b484a6b6b5c8",
          1.0165990591049194
        ],
        [
          "author_5c0ce0e8-dd3d-54e0-98c7-aab985f0ba84",
          1.049983024597168
        ],
        [
          "author_2774b6a5-1cd5-5c35-ba7b-d0f11d50f5ca",
          1.111433506011963
        ],
        [
          "author_8e004942-6f0d-5387-a764-97a0a7144af0",
          1.124754548072815
        ]
      ]
    },
    {
      "query": "Military deception principles",
      "mrr": 1.0,
      "ndcg": 0.971256931935565,
      "relevant_authors": 2,
      "total_authors": 32,
      "category": "MilDec",
      "top_results": [
        [
          "author_a5285d4e-1482-508a-ad26-b3c72267b7ab",
          0.7187279462814331
        ],
        [
          "author_00e4d0ff-ff9a-519c-88a9-2d307597e287",
          0.808464765548706
        ],
        [
          "author_d338b836-41a0-54a4-a675-a5565f143403",
          0.9134644865989685
        ],
        [
          "author_b69b75ea-077f-52ad-a080-16c019d5c267",
          0.9511587619781494
        ],
        [
          "author_6039c433-2555-57cd-90c3-e6530a13265f",
          0.9725892543792725
        ],
        [
          "author_f7b5127a-150d-5469-a028-a46bafcdba7a",
          0.9726792573928833
        ],
        [
          "author_ceb13e8b-a851-5a29-9a76-b484a6b6b5c8",
          1.0419793128967285
        ],
        [
          "author_5c0ce0e8-dd3d-54e0-98c7-aab985f0ba84",
          1.0772294998168945
        ],
        [
          "author_8e004942-6f0d-5387-a764-97a0a7144af0",
          1.0911264419555664
        ],
        [
          "author_2774b6a5-1cd5-5c35-ba7b-d0f11d50f5ca",
          1.1346421241760254
        ]
      ]
    },
    {
      "query": "Military deception techniques",
      "mrr": 0.5,
      "ndcg": 0.9511812794675513,
      "relevant_authors": 2,
      "total_authors": 32,
      "category": "MilDec",